AI,AI,DG,DG,AGNC,AGNC,PG,PG,AGEN,AGEN,CRSP,CRSP,ONON,ONON,AA,AA,UBS,UBS,CAG,CAG,AEM,AEM,AG,AG,VOW3.DE,VOW3.DE,EDBL,EDBL,ADS.DE,ADS.DE,AB,AB,RLFTF,RLFTF,NVS,NVS,A,A,VWAGY,VWAGY,AR,AR,AGG,JMIA,JMIA,DB,DB,BG,BG,MBG.DE,MBG.DE,UAVS,UAVS,AM,AM,AIG,AIG,ADC,ADC,BMW.DE,BMW.DE,RHHBY,RHHBY,AJG,AJG,CG,CG,AGCO,AGCO,MAG,MAG,AU,AU,IAG,IAG,TUI1.DE,TUI1.DE,AGTI,AGTI,AY,AY,AGQ,SG,SG,VWAPY,VWAPY,AGIL,AGIL,AGX,AGX,ENR.DE,ENR.DE,AGI,AGI,BMWYY,BMWYY,MBGAF,MBGAF,AFG,AFG,BAYN.DE,BAYN.DE,CBK.DE,CBK.DE,TG,TG,IFX.DE,IFX.DE,AGRI,AGRI,LND,LND,AGRX,AGRX,BAYRY,BAYRY,LHA.DE,LHA.DE,DBK.DE,DBK.DE,SIE.DE,SIE.DE,NG,NG,AN,AN,AGR,AGR,VOW.DE,VOW.DE,DBA,AEG,AEG,FMS,FMS,AGFY,AGFY,AEM.TO,AEM.TO,PAG,PAG,RWE.DE,RWE.DE,SIEGY,SIEGY,AHG,AHG,DTE.DE,DTE.DE,ABG,ABG,IFNNY,IFNNY,ZG,ZG,AL,AL,SEED,SEED,RHM.DE,RHM.DE,DHL.DE,DHL.DE,AX,AX,G,G,AGBA,AGBA,EG,EG,DSFIR.AS,DSFIR.AS,ADDYY,ADDYY,MITT,MITT,MBGYY,MBGYY,APG,APG,SRAD,SRAD,FG,FG,AGL,AGL,HLAG.DE,HLAG.DE,TKA.DE,TKA.DE,AGM,AGM,NPK.TO,NPK.TO,ALG,ALG